{
  "$schema": "http://json.schemastore.org/vs-2017.3.host",
  "name": {
    "text": "ASP.NET Core gRPC Service",
    "package": "{0CD94836-1526-4E85-87D3-FB5274C5AFC9}",
    "id": "1027"
  },
  "description": {
    "text": "A project template for creating a gRPC ASP.NET Core service.",
    "package": "{0CD94836-1526-4E85-87D3-FB5274C5AFC9}",
    "id": "1028"
  },
  "order": 500,
  "icon": "vs-2017.3/gRPC.png",
  "learnMoreLink": "https://go.microsoft.com/fwlink/?LinkID=784883",
  "uiFilters": [ "oneaspnet" ],
  "supportsDocker": true,
  "excludeLaunchSettings": false
}
