{
  "version": "1.0.0.0",
  "strings": {
    "name": "Веб-API ASP.NET Core",
    "description": "Шаблон проекта для создания приложения ASP.NET Core с образцом контроллера для службы HTTP RESTful. Этот шаблон можно также использовать для представлений MVC и контроллеров ASP.NET Core.",
    "parameter.DisableOpenAPI.name": "Включить поддержку _OpenAPI"
  }
}