{
  "$schema": "http://json.schemastore.org/vs-2017.3.host",
  "name": {
    "text": "Razor Class Library",
    "id": "1023",
    "package": "{0CD94836-1526-4E85-87D3-FB5274C5AFC9}"
  },
  "description": {
    "text": "A project template for creating a Razor class library.",
    "id": "1024",
    "package": "{0CD94836-1526-4E85-87D3-FB5274C5AFC9}"
  },
  "order": 700,
  "icon": "vs-2017.3/RazorClassLibrary.ico",
  "learnMoreLink": "https://go.microsoft.com/fwlink/?linkid=872103",
  "symbolInfo": [
    {
      "id": "SupportPagesAndViews",
      "name": {
        "text": "_Support pages and views"
      },
      "isVisible": "true"
    }
  ]
}
