{
  "$schema": "http://json.schemastore.org/vs-2017.3.host",
  "name": {
    "text": "Worker Service",
    "package": "{0CD94836-1526-4E85-87D3-FB5274C5AFC9}",
    "id": "1025"
  },
  "description": {
    "text": "An empty project template for creating a worker service.",
    "package": "{0CD94836-1526-4E85-87D3-FB5274C5AFC9}",
    "id": "1026"
  },
  "order": 300,
  "icon": "vs-2017.3/Worker.png",
  "learnMoreLink": "https://go.microsoft.com/fwlink/?linkid=2072778",
  "uiFilters": [ "oneaspnet" ],
  "supportsDocker": true,
  "excludeLaunchSettings": false,
  "minFullFrameworkVersion": "4.6.1"
}
