{
  "$schema": "http://json.schemastore.org/vs-2017.3.host",
  "name": {
    "text": "ASP.NET Core Empty",
    "package": "{0CD94836-1526-4E85-87D3-FB5274C5AFC9}",
    "id": "1011"
  },
  "description": {
    "text": "An empty project template for creating an ASP.NET Core application. This template does not have any content in it.",
    "package": "{0CD94836-1526-4E85-87D3-FB5274C5AFC9}",
    "id": "1012"
  },
  "order": 101,
  "icon": "vs-2017.3/Empty.png",
  "learnMoreLink": "https://go.microsoft.com/fwlink/?LinkID=784883",
  "uiFilters": [ "oneaspnet" ],
  "supportedAuthentications": [
    {
      "auth": "None",
      "authenticationType": "NoAuth",
      "allowUnsecured": true
    }
  ],
  "supportsDocker": true,
  "ports": [
    {
      "name": "HttpPort",
      "useHttps": false
    },
    {
      "name": "HttpsPort",
      "useHttps": true
    }
  ],
  "minFullFrameworkVersion": "4.6.1",
  "disableHttpsSymbol": "NoHttps"
}
