{
  "$schema": "http://json.schemastore.org/vs-2017.3.host",
  "name": {
    "text": "ASP.NET Core Web App",
    "package": "{0CD94836-1526-4E85-87D3-FB5274C5AFC9}",
    "id": "1017"
  },
  "description": {
    "text": "A project template for creating an ASP.NET Core application with example ASP.NET Razor Pages content.",
    "package": "{0CD94836-1526-4E85-87D3-FB5274C5AFC9}",
    "id": "1018"
  },
  "order": 400,
  "icon": "vs-2017.3/WebApplication.png",
  "learnMoreLink": "https://go.microsoft.com/fwlink/?LinkID=784881",
  "uiFilters": [ "oneaspnet" ],
  "isApi": false,
  "usesOidc": true,
  "supportsDocker": true,
  "legacyTemplateIdentity": "Microsoft.NetCore.CSharp.RazorPages",
  "supportedAuthentications": [
    {
      "auth": "None",
      "authenticationType": "NoAuth",
      "allowUnsecured": true
    },
    {
      "auth": "Individual",
      "authenticationType": "IndividualAuth",
      "b2cAuthenticationOptions": "CloudExisting"
    },
    {
      "auth": "Individual",
      "authenticationType": "IndividualAuth",
      "b2cAuthenticationOptions": "Local"
    },
    {
      "auth": "SingleOrg",
      "authenticationType": "OrgAuth",
      "orgAuthenticationOptions": "SSO"
    },
    {
      "auth": "MultiOrg",
      "authenticationType": "OrgAuth",
      "orgAuthenticationOptions": "MultiOrg"
    },
    {
      "auth": "Windows",
      "authenticationType": "WindowsAuth"
    }
  ],
  "ports": [
    {
      "name": "HttpPort",
      "useHttps": false
    },
    {
      "name": "HttpsPort",
      "useHttps": true
    }
  ],
  "symbolInfo": [
    {
      "id": "RazorRuntimeCompilation",
      "name": {
        "text": "Enable _Razor runtime compilation"
      },
      "isVisible": "true"
    }
  ],
  "excludeLaunchSettings": false,
  "azureReplyUrlPortName": "HttpsPort",
  "minFullFrameworkVersion": "4.6.1",
  "disableHttpsSymbol": "NoHttps"
}
