{
  "$schema": "http://json.schemastore.org/dotnetcli.host",
  "symbolInfo": {
    "Framework": {
      "longName": "framework"
    },
    "skipRestore": {
      "longName": "no-restore",
      "shortName": ""
    },
    "HttpPort": {
      "isHidden": true
    },
    "HttpsPort": {
      "isHidden": true
    },
    "ExcludeLaunchSettings": {
      "longName": "exclude-launch-settings",
      "shortName": ""
    },
    "NoHttps": {
      "longName": "no-https",
      "shortName": ""
    }
  },
  "usageExamples": [
    ""
  ]
}
