{
  "version": "1.0.0.0",
  "strings": {
    "name": "Blazor WebAssembly Uygulaması",
    "description": "WebAssembly üzerinde çalışan ve isteğe bağlı olarak bir ASP.NET Core uygulamasında barındırılan Blazor uygulaması oluşturmaya yönelik proje şablonu. Bu şablon, zengin dinamik kullanıcı arabirimlerine (UI) sahip web uygulamaları için kullanılabilir.",
    "parameter.Hosted.name": "ASP.NET Core tarafından _barındırılan",
    "parameter.PWA.name": "_Aşamalı Web Uygulaması"
  }
}