{
  "$schema": "http://json.schemastore.org/dotnetcli.host",
  "symbolInfo": {
    "UseLocalDB": {
      "longName": "use-local-db"
    },
    "AADInstance": {
      "longName": "aad-instance",
      "shortName": ""
    },
    "AAdB2CInstance": {
      "longName": "aad-b2c-instance",
      "shortName": ""
    },
    "SignUpSignInPolicyId": {
      "longName": "susi-policy-id",
      "shortName": "ssp"
    },
    "ResetPasswordPolicyId": {
      "longName": "reset-password-policy-id",
      "shortName": "rp"
    },
    "EditProfilePolicyId": {
      "longName": "edit-profile-policy-id",
      "shortName": "ep"
    },
    "OrgReadAccess": {
      "longName": "org-read-access",
      "shortName": "r"
    },
    "ClientId": {
      "longName": "client-id",
      "shortName": ""
    },
    "CallbackPath": {
      "longName": "callback-path",
      "shortName": ""
    },
    "Domain": {
      "longName": "domain",
      "shortName": ""
    },
    "TenantId": {
      "longName": "tenant-id",
      "shortName": ""
    },
    "Framework": {
      "longName": "framework"
    },
    "skipRestore": {
      "longName": "no-restore",
      "shortName": ""
    },
    "HttpPort": {
      "isHidden": true
    },
    "HttpsPort": {
      "isHidden": true
    },
    "ExcludeLaunchSettings": {
      "longName": "exclude-launch-settings",
      "shortName": ""
    },
    "UserSecretsId": {
      "isHidden": true
    },
    "NoHttps": {
      "longName": "no-https",
      "shortName": ""
    },
    "CalledApiUrl": {
        "longName": "called-api-url",
        "shortName": ""
    },
    "CalledApiScopes": {
        "longName": "called-api-scopes",
        "shortName": ""
    },
    "CallsMicrosoftGraph": {
        "longName": "calls-graph",
        "shortName": ""
    }
  },
  "usageExamples": [
    "--auth Individual"
  ]
}
