{
  "$schema": "http://json.schemastore.org/vs-2017.3.host",
  "name": {
    "text": "Blazor Server App",
    "package": "{0CD94836-1526-4E85-87D3-FB5274C5AFC9}",
    "id": "1029"
  },
  "description": {
    "text": "A project template for creating a Blazor server app that runs server-side inside an ASP.NET Core app and handles user interactions over a SignalR connection. This template can be used for web apps with rich dynamic user interfaces (UIs).",
    "package": "{0CD94836-1526-4E85-87D3-FB5274C5AFC9}",
    "id": "1030"
  },
  "order": 600,
  "icon": "vs-2017.3/icon.png",
  "learnMoreLink": "https://go.microsoft.com/fwlink/?LinkID=784883",
  "uiFilters": [
    "oneaspnet"
  ],
  "usesOidc": true,
  "supportedAuthentications": [
    {
      "auth": "None",
      "authenticationType": "NoAuth",
      "allowUnsecured": true
    },
    {
      "auth": "Individual",
      "authenticationType": "IndividualAuth",
      "b2cAuthenticationOptions": "CloudExisting"
    },
    {
      "auth": "Individual",
      "authenticationType": "IndividualAuth",
      "b2cAuthenticationOptions": "Local"
    },
    {
      "auth": "SingleOrg",
      "authenticationType": "OrgAuth",
      "orgAuthenticationOptions": "SSO"
    },
    {
      "auth": "MultiOrg",
      "authenticationType": "OrgAuth",
      "orgAuthenticationOptions": "MultiOrg"
    },
    {
      "auth": "Windows",
      "authenticationType": "WindowsAuth"
    }
  ],
  "ports": [
    {
      "name": "HttpPort",
      "useHttps": false
    },
    {
      "name": "HttpsPort",
      "useHttps": true
    }
  ],
  "excludeLaunchSettings": false,
  "azureReplyUrlPortName": "HttpsPort",
  "minFullFrameworkVersion": "4.6.1",
  "disableHttpsSymbol": "NoHttps",
  "supportsDocker": true
}
