{
  "$schema": "http://json.schemastore.org/dotnetcli.host",
  "symbolInfo": {
    "skipRestore": {
      "longName": "no-restore",
      "shortName": ""
    },
    "Hosted": {
      "longName": "hosted"
    },
    "PWA": {
      "longName": "pwa"
    },
    "Framework": {
      "longName": "framework"
    },
    "UseLocalDB": {
      "longName": "use-local-db"
    },
    "AADInstance": {
      "longName": "aad-instance",
      "shortName": ""
    },
    "AAdB2CInstance": {
      "longName": "aad-b2c-instance",
      "shortName": ""
    },
    "SignUpSignInPolicyId": {
      "longName": "susi-policy-id",
      "shortName": "ssp"
    },
    "OrgReadAccess": {
      "longName": "org-read-access",
      "shortName": "r"
    },
    "ClientId": {
      "longName": "client-id",
      "shortName": ""
    },
    "AppIDUri": {
      "longName": "app-id-uri",
      "shortName": ""
    },
    "APIClientId": {
      "longName": "api-client-id",
      "shortName": ""
    },
    "Domain": {
      "longName": "domain",
      "shortName": ""
    },
    "TenantId": {
      "longName": "tenant-id",
      "shortName": ""
    },
    "DefaultScope": {
      "longName": "default-scope",
      "shortName": "s"
    },
    "Authority": {
      "longName": "authority",
      "shortName": ""
    },
    "HttpPort": {
      "isHidden": true
    },
    "HttpsPort": {
      "isHidden": true
    },
    "ExcludeLaunchSettings": {
      "longName": "exclude-launch-settings",
      "shortName": ""
    },
    "UserSecretsId": {
      "isHidden": true
    },
    "NoHttps": {
      "longName": "no-https",
      "shortName": ""
    },
    "CalledApiUrl": {
        "longName": "called-api-url",
        "shortName": ""
    },
    "CalledApiScopes": {
        "longName": "called-api-scopes",
        "shortName": ""
    },
    "CallsMicrosoftGraph": {
        "longName": "calls-graph",
        "shortName": ""
    }
  }
}
