{
  "$schema": "http://json.schemastore.org/vs-2017.3.host",
  "name": {
    "text": "Blazor WebAssembly App",
    "id": "1050"
  },
  "description": {
    "text": "A project template for creating a Blazor app that runs on WebAssembly and is optionally hosted by an ASP.NET Core app. This template can be used for web apps with rich dynamic user interfaces (UIs).",
    "package": "{0CD94836-1526-4E85-87D3-FB5274C5AFC9}",
    "id": "1051"
  },
  "order": 610,
  "icon": "icon.png",
  "learnMoreLink": "https://github.com/dotnet/aspnetcore",
  "uiFilters": [
    "oneaspnet"
  ],
  "additionalWizardParameters": {
    "$isMultiProjectTemplate$": "true"
  },
  "supportedAuthentications": [
    {
      "auth": "None",
      "authenticationType": "NoAuth",
      "allowUnsecured": true
    },
    {
      "auth": "Individual",
      "authenticationType": "IndividualAuth",
      "b2cAuthenticationOptions": "Local"
    },
    {
      "auth": "SingleOrg",
      "authenticationType": "OrgAuth",
      "orgAuthenticationOptions": "SSO",
      "provisionServerSymbol": "Hosted",
      "callbackPath": "/authentication/login-callback",
      "additionalReplyUriPorts": [ 5001 ]
    }
  ],
  "ports": [
    {
      "name": "HttpPort",
      "useHttps": false
    },
    {
      "name": "HttpsPort",
      "useHttps": true
    }
  ],
  "excludeLaunchSettings": false,
  "disableHttpsSymbol": "NoHttps",
  "symbolInfo": [
    {
      "id": "Hosted",
      "name": {
        "text": "ASP.NET Core _hosted"
      },
      "isVisible": "true"
    },
    {
      "id": "PWA",
      "name": {
        "text": "_Progressive Web Application"
      },
      "isVisible": "true"
    }
  ]
}
