{
  "version": "1.0.0.0",
  "strings": {
    "name": "Приложение WebAssembly Blazor",
    "description": "Шаблон проекта для создания приложения Blazor, которое запускается в WebAssembly и может размещаться в приложении ASP.NET Core. Этот шаблон можно использовать для веб-приложений с расширенными динамическими пользовательскими интерфейсами (UI).",
    "parameter.Hosted.name": "С _размещением в ASP.NET Core",
    "parameter.PWA.name": "_Прогрессивное веб-приложение"
  }
}